{
    "cameras": [
        {
            "eyePosition": [
                9.396915435791016,
                0.5,
                3.420205593109131
            ],
            "far": 1000.0,
            "fov": 64.9000015258789,
            "near": 0.5,
            "target": [
                8.457222938537598,
                0.5,
                3.0781848430633545
            ],
            "upDirection": [
                0.0,
                -1.0,
                0.0
            ]
        }
    ],
    "light": {
        "ambient": 0.05000000074505806,
        "color": [
            0.895749032497406,
            0.9165459275245667,
            0.9581395387649536
        ],
        "direction": [
            0.0,
            23.5,
            0.0
        ],
        "pointLights": [
            {
                "ambient": 0.03999999910593033,
                "attenuation": [
                    0.75,
                    0.07000000029802322,
                    0.010999999940395355
                ],
                "color": [
                    0.9720930457115173,
                    0.9359221458435059,
                    0.9540917277336121
                ],
                "diffuse": 0.800000011920929,
                "on": true,
                "position": [
                    8.0,
                    9.0,
                    0.0
                ],
                "specular": 0.6899999976158142
            },
            {
                "ambient": 0.09000000357627869,
                "attenuation": [
                    0.8899999856948853,
                    0.03999999910593033,
                    0.023000000044703484
                ],
                "color": [
                    0.6273409128189087,
                    0.8325581550598145,
                    0.623450517654419
                ],
                "diffuse": 0.6000000238418579,
                "on": true,
                "position": [
                    17.0,
                    4.0,
                    0.0
                ],
                "specular": 0.699999988079071
            }
        ]
    },
    "models": [
        {
            "basicColor": [
                1.0,
                1.0,
                1.0
            ],
            "flags": {
                "hasNormalTexture": true,
                "hasTexture": true,
                "hidden": false,
                "selectable": true,
                "simple": false
            },
            "ignore": true,
            "name": "sponza",
            "path": "assets/models/sponza/sponza.gltf",
            "transformation": {
                "rotation": [
                    0.0,
                    1.0,
                    0.0,
                    0.0
                ],
                "scaling": [
                    0.025,
                    0.025,
                    0.025
                ],
                "translation": [
                    0.0,
                    0.0,
                    0.0
                ]
            },
            "type": "gltf"
        },
        {
            "basicColor": [
                0.9,
                0.9,
                0.5
            ],
            "flags": {
                "hidden": false,
                "selectable": true,
                "simple": true
            },
            "ignore": true,
            "name": "car",
            "path": "assets/models/car.obj",
            "transformation": {
                "rotation": [
                    180.0,
                    1.0,
                    0.0,
                    0.0
                ],
                "scaling": [
                    0.005,
                    0.005,
                    0.005
                ],
                "translation": [
                    0.0,
                    0.0,
                    3.0
                ]
            },
            "type": "obj"
        },
        {
            "basicColor": [
                0.0,
                0.0,
                0.0
            ],
            "flags": {
                "hasLineTopology": false,
                "hasNormalDebug": false,
                "hasNormalTexture": false,
                "hasPointTopology": false,
                "hasTexture": true,
                "hidden": false,
                "selectable": true,
                "simple": false
            },
            "ignore": true,
            "loadOptions": 0,
            "name": "FlightHelmet.gltf",
            "path": "assets/models/FlightHelmet/glTF/FlightHelmet.gltf",
            "transformation": {
                "rotation": [
                    0.0,
                    1.0,
                    0.0,
                    0.0
                ],
                "scaling": [
                    1.0,
                    1.0,
                    1.0
                ],
                "translation": [
                    0.0,
                    0.44999998807907104,
                    0.0
                ]
            },
            "type": "gltf"
        },
        {
            "basicColor": [
                1.0,
                1.0,
                1.0
            ],
            "flags": {
                "hasLineTopology": false,
                "hasNormalDebug": false,
                "hasNormalTexture": false,
                "hasPointTopology": false,
                "hasTexture": false,
                "hidden": false,
                "selectable": false,
                "simple": true
            },
            "ignore": false,
            "loadOptions": 0,
            "name": "plane.mtl.obj",
            "path": "assets/models/plane.mtl.obj",
            "transformation": {
                "rotation": [
                    90.0,
                    -0.0,
                    1.0,
                    -0.0
                ],
                "scaling": [
                    300.0,
                    3.0,
                    300.0
                ],
                "translation": [
                    0.0,
                    0.0,
                    0.0
                ]
            },
            "type": "obj"
        },
        {
            "basicColor": [
                0.0,
                0.8999999761581421,
                0.8999999761581421
            ],
            "flags": {
                "hasLineTopology": false,
                "hasNormalDebug": false,
                "hasNormalTexture": false,
                "hasPointTopology": false,
                "hasTexture": true,
                "hidden": false,
                "selectable": true,
                "simple": false
            },
            "ignore": true,
            "loadOptions": 0,
            "name": "viking_room.obj",
            "path": "assets/models/viking_room.obj",
            "texturePath": "assets/textures/viking_room.png",
            "transformation": {
                "rotation": [
                    90.0,
                    -1.0,
                    -0.0,
                    -0.0
                ],
                "scaling": [
                    1.0,
                    1.0,
                    1.0
                ],
                "translation": [
                    0.0,
                    1.5000001192092896,
                    0.0
                ]
            },
            "type": "obj"
        },
        {
            "basicColor": [
                0.5,
                0.699999988079071,
                0.699999988079071
            ],
            "flags": {
                "hasLineTopology": false,
                "hasNormalDebug": false,
                "hasNormalTexture": false,
                "hasPointTopology": false,
                "hasTexture": false,
                "hidden": false,
                "selectable": true,
                "simple": true
            },
            "ignore": true,
            "loadOptions": 0,
            "name": "venus.gltf",
            "path": "assets/models/venus.gltf",